ADAMS Taylor;a.taylor@blabla.com;0650/7876
ALLEN Brown;a.brown@gmail.com;07242/7499
BLAKE Miller;b.miller@yahoo.de;0696/7698
CLARK Davis;c.davis@google.com;01/7782-7782
FORD Jackson;f.jackson@mig.ru
JAMES Moore;j.moore@ink.ca
JONES Jones;j.jones@jando.de
KING Anderson;k.anderson@email.org
MARTIN Garcia;m.garcia@zallando.at;0699/7654
MILLER Martin;m.martin@mama.it
SCOTT Wilson;s.wilson@gms.at;07788/7788
SMITH Thompson;s.thompson@yahoo.com;0732/7369-0
TURNER Thomas;t.thomas@gmail.de;02222/7844
WARD Williams;w.williams@liwest.at;0681/7521-11
Zv Kol;z.k;0681
ADAMS Taylor;a.taylor@blabla.com;0650/7876
ALLEN Brown;a.brown@gmail.com;07242/7499
BLAKE Miller;b.miller@yahoo.de;0696/7698
CLARK Davis;c.davis@google.com;01/7782-7782
FORD Jackson;f.jackson@mig.ru
JAMES Moore;j.moore@ink.ca
JONES Jones;j.jones@jando.de
KING Anderson;k.anderson@email.org
MARTIN Garcia;m.garcia@zallando.at;0699/7654
MILLER Martin;m.martin@mama.it
SCOTT Wilson;s.wilson@gms.at;07788/7788
SMITH Thompson;s.thompson@yahoo.com;0732/7369-0
TURNER Thomas;t.thomas@gmail.de;02222/7844
WARD Williams;w.williams@liwest.at;0681/7521-11
Zvonko Kolev;z.kolev@liwest.at;0681/8181-2950
ADAMS Taylor;a.taylor@blabla.com;0650/7876
ALLEN Brown;a.brown@gmail.com;07242/7499
BLAKE Miller;b.miller@yahoo.de;0696/7698
CLARK Davis;c.davis@google.com;01/7782-7782
FORD Jackson;f.jackson@mig.ru
JAMES Moore;j.moore@ink.ca
JONES Jones;j.jones@jando.de
KING Anderson;k.anderson@email.org
MARTIN Garcia;m.garcia@zallando.at;0699/7654
MILLER Martin;m.martin@mama.it
SCOTT Wilson;s.wilson@gms.at;07788/7788
SMITH Thompson;s.thompson@yahoo.com;0732/7369-0
TURNER Thomas;t.thomas@gmail.de;02222/7844
WARD Williams;w.williams@liwest.at;0681/7521-11
Zvonko Kolev;qqwwe;sdffd
neuer mitglied;n.mitglied@yahoo.com;000011112222
